ID,Name,x,y
1001,Riverine1,12.094059,45.836574
1002,Riverine2,12.167254,45.912838
1003,Riverine3,12.260571,45.806427
