ID,Name,x,y
1001,Venice1,12.513886,45.508725
1002,Venice2,12.443603,45.495637
1003,Venice3,12.347785,45.423504
1004,Venice4,12.312603,45.443641
